uid,summary,start,end,all_day,duration_minutes,location,description,status,last_modified
username@email.com,Event,1999-12-31T00:00-00:00,1999-12-31T23:59-59:59,false,1439,123 Main St,a good description,CONFIRMED,1999-12-30T23:59-59:59
username@email.com,Event,1999-12-31T00:00-00:00,1999-12-31T23:59-59:59,false,1439,123 Main St,a good description,CONFIRMED,1999-12-30T23:59-59:59
username@email.com,Event,1999-12-31T00:00-00:00,1999-12-31T23:59-59:59,false,1439,123 Main St,a good description,CONFIRMED,1999-12-30T23:59-59:59
username@email.com,Event,1999-12-31T00:00-00:00,1999-12-31T23:59-59:59,false,1439,123 Main St,a good description,CONFIRMED,1999-12-30T23:59-59:59
username@email.com,Event,1999-12-31T00:00-00:00,1999-12-31T23:59-59:59,false,1439,123 Main St,a good description,CONFIRMED,1999-12-30T23:59-59:59
username@email.com,Event,1999-12-31T00:00-00:00,1999-12-31T23:59-59:59,false,1439,123 Main St,a good description,CONFIRMED,1999-12-30T23:59-59:59
username@email.com,Event,1999-12-31T00:00-00:00,1999-12-31T23:59-59:59,false,1439,123 Main St,a good description,CONFIRMED,1999-12-30T23:59-59:59
username@email.com,Event,1999-12-31T00:00-00:00,1999-12-31T23:59-59:59,false,1439,123 Main St,a good description,CONFIRMED,1999-12-30T23:59-59:59
username@email.com,Event,1999-12-31T00:00-00:00,1999-12-31T23:59-59:59,false,1439,123 Main St,a good description,CONFIRMED,1999-12-30T23:59-59:59
username@email.com,Event,1999-12-31T00:00-00:00,1999-12-31T23:59-59:59,false,1439,123 Main St,a good description,CONFIRMED,1999-12-30T23:59-59:59
username@email.com,Event,1999-12-31T00:00-00:00,1999-12-31T23:59-59:59,false,1439,123 Main St,a good description,CONFIRMED,1999-12-30T23:59-59:59
username@email.com,Event,1999-12-31T00:00-00:00,1999-12-31T23:59-59:59,false,1439,123 Main St,a good description,CONFIRMED,1999-12-30T23:59-59:59
username@email.com,Event,1999-12-31T00:00-00:00,1999-12-31T23:59-59:59,false,1439,123 Main St,a good description,CONFIRMED,1999-12-30T23:59-59:59
username@email.com,Event,1999-12-31T00:00-00:00,1999-12-31T23:59-59:59,false,1439,123 Main St,a good description,CONFIRMED,1999-12-30T23:59-59:59
username@email.com,Event,1999-12-31T00:00-00:00,1999-12-31T23:59-59:59,false,1439,123 Main St,a good description,CONFIRMED,1999-12-30T23:59-59:59
username@email.com,Event,1999-12-31T00:00-00:00,1999-12-31T23:59-59:59,false,1439,123 Main St,a good description,CONFIRMED,1999-12-30T23:59-59:59
username@email.com,Event,1999-12-31T00:00-00:00,1999-12-31T23:59-59:59,false,1439,123 Main St,a good description,CONFIRMED,1999-12-30T23:59-59:59
username@email.com,Event,1999-12-31T00:00-00:00,1999-12-31T23:59-59:59,false,1439,123 Main St,a good description,CONFIRMED,1999-12-30T23:59-59:59
username@email.com,Event,1999-12-31T00:00-00:00,1999-12-31T23:59-59:59,false,1439,123 Main St,a good description,CONFIRMED,1999-12-30T23:59-59:59
username@email.com,Event,1999-12-31T00:00-00:00,1999-12-31T23:59-59:59,false,1439,123 Main St,a good description,CONFIRMED,1999-12-30T23:59-59:59
username@email.com,Event,1999-12-31T00:00-00:00,1999-12-31T23:59-59:59,false,1439,123 Main St,a good description,CONFIRMED,1999-12-30T23:59-59:59
username@email.com,Event,1999-12-31T00:00-00:00,1999-12-31T23:59-59:59,false,1439,123 Main St,a good description,CONFIRMED,1999-12-30T23:59-59:59
username@email.com,Event,1999-12-31T00:00-00:00,1999-12-31T23:59-59:59,false,1439,123 Main St,a good description,CONFIRMED,1999-12-30T23:59-59:59
username@email.com,Event,1999-12-31T00:00-00:00,1999-12-31T23:59-59:59,false,1439,123 Main St,a good description,CONFIRMED,1999-12-30T23:59-59:59
username@email.com,Event,1999-12-31T00:00-00:00,1999-12-31T23:59-59:59,false,1439,123 Main St,a good description,CONFIRMED,1999-12-30T23:59-59:59
username@email.com,Event,1999-12-31T00:00-00:00,1999-12-31T23:59-59:59,false,1439,123 Main St,a good description,CONFIRMED,1999-12-30T23:59-59:59
username@email.com,Event,1999-12-31T00:00-00:00,1999-12-31T23:59-59:59,false,1439,123 Main St,a good description,CONFIRMED,1999-12-30T23:59-59:59
